{   "resourceType": "Observation",
    "status": "final",
    "category" : [{
			"coding": [	{
					"system": "http://terminology.hl7.org/CodeSystem/observation-category",
					"code": "vital-signs",
					"display": "Vital Signs"
				}]}],
    "code": {
        "coding": [ {
                "system": "http://loinc.org",
                "code": "8310-5",
                "display": "Body temperature"
            }  ] },
    "subject": {  "reference": "Patient/3086108"  },
    "effectiveDateTime": "2022-06-05",
    "valueQuantity": {
      "value": 38,
      "unit": "Cel",
      "system": "http://unitsofmeasure.org",
      "code":  "Cel"
    }
}