{
    "resourceType": "Observation",
    "status": "final",
    "category": [
      {
        "coding": [
          {
            "system": "http://terminology.hl7.org/CodeSystem/observation-category",
            "code": "procedure",
            "display": "Procedure"
          }
        ]
      }
    ],
    "code": {
      "coding": [
        {
          "system": "urn:oid:2.16.840.1.113883.6.24",
          "code": "131328",
          "display": "MDC_ECG_ELEC_POTL"
        }
      ]
    },
    "subject": {
      "reference": "Patient/f001",
      "display": "P. van de Heuvel"
    },
    "effectiveDateTime": "2015-02-19T09:30:35+01:00",
    "performer": [
      {
        "reference": "Practitioner/f005",
        "display": "A. Langeveld"
      }
    ],
    "device": {
      "display": "12 lead EKG Device Metric"
    },
    "component": [
      {
        "code": {
          "coding": [
            {
              "system": "urn:oid:2.16.840.1.113883.6.24",
              "code": "131329",
              "display": "MDC_ECG_ELEC_POTL_I"
            }
          ]
        },
        "valueSampledData": {
          "origin": {
            "value": 2048,
            "unit": "μV",
            "system" : "http://unitsofmeasure.org",
             "code" : "uV"
          },
          "period": 10,
          "factor": 1.612,
          "lowerLimit": -3300,
          "upperLimit": 3300,
          "dimensions": 1,
          "data": "2041 2043 2037 2047 2060 2062 2051 2023 2014 2027 2034 2033 2040 2047 2047 2053 2058 2064 2059 2063 2061 2052 2053 2038 1966 1885 1884 2009 2129 2166 2137 2102 2086 2077 2067 2067 2060 2059 2062 2062 2060 2057 2045 2047 2057 2054 2042 2029 2027 2018 2007 1995 2001 2012 2024 2039 2068 2092 2111 2125 2131 2148 2137 2138 2128 2128 2115 2099 2097 2096 2101 2101 2091 2073 2076 2077 2084 2081 2088 2092 2070 2069 2074 2077 2075 2068 2064 2060 2062 2074 2075 2074 2075 2063 2058 2058 2064 2064 2070 2074 2067 2060 2062 2063 2061 2059 2048 2052 2049 2048 2051 2059 2059 2066 2077 2073"
        }
      },

      //  Ref : https://build.fhir.org/datatypes-examples.html#SampledData
      <sampledData>
      <origin>
       <value value="0"/>
       <unit value="μV"/>
       <system value="http://unitsofmeasure.org"/>
       <code value="uV"/>
      </origin>
      <period value="2"/>
      <factor value="2.5"/>
      <dimensions value="1"/>
      <data value="-4 -13 -18 -18 -18 -17 -16 -16 -16 -16 -16 -17 -18 -18 -18 ...."/>
     </sampledData>

      {
        "code": {
          "coding": [
            {
              "system": "urn:oid:2.16.840.1.113883.6.24",
              "code": "131330",
              "display": "MDC_ECG_ELEC_POTL_II"
            }
          ]
        },
        "valueSampledData": {
          "origin": {
            "value": 2048
          },
          "period": 10,
          "factor": 1.612,
          "lowerLimit": -3300,
          "upperLimit": 3300,
          "dimensions": 1,
          "data": "2041 2043 2037 2047 2060 2062 2051 2023 2014 2027 2034 2033 2040 2047 2047 2053 2058 2064 2059 2063 2061 2052 2053 2038 1966 1885 1884 2009 2129 2166 2137 2102 2086 2077 2067 2067 2060 2059 2062 2062 2060 2057 2045 2047 2057 2054 2042 2029 2027 2018 2007 1995 2001 2012 2024 2039 2068 2092 2111 2125 2131 2148 2137 2138 2128 2128 2115 2099 2097 2096 2101 2101 2091 2073 2076 2077 2084 2081 2088 2092 2070 2069 2074 2077 2075 2068 2064 2060 2062 2074 2075 2074 2075 2063 2058 2058 2064 2064 2070 2074 2067 2060 2062 2063 2061 2059 2048 2052 2049 2048 2051 2059 2059 2066 2077 2073"
        }
      },
      {
        "code": {
          "coding": [
            {
              "system": "urn:oid:2.16.840.1.113883.6.24",
              "code": "131389",
              "display": "MDC_ECG_ELEC_POTL_III"
            }
          ]
        },
        "valueSampledData": {
          "origin": {
            "value": 2048
          },
          "period": 10,
          "factor": 1.612,
          "lowerLimit": -3300,
          "upperLimit": 3300,
          "dimensions": 1,
          "data": "2041 2043 2037 2047 2060 2062 2051 2023 2014 2027 2034 2033 2040 2047 2047 2053 2058 2064 2059 2063 2061 2052 2053 2038 1966 1885 1884 2009 2129 2166 2137 2102 2086 2077 2067 2067 2060 2059 2062 2062 2060 2057 2045 2047 2057 2054 2042 2029 2027 2018 2007 1995 2001 2012 2024 2039 2068 2092 2111 2125 2131 2148 2137 2138 2128 2128 2115 2099 2097 2096 2101 2101 2091 2073 2076 2077 2084 2081 2088 2092 2070 2069 2074 2077 2075 2068 2064 2060 2062 2074 2075 2074 2075 2063 2058 2058 2064 2064 2070 2074 2067 2060 2062 2063 2061 2059 2048 2052 2049 2048 2051 2059 2059 2066 2077 2073"
        }
      }
    ]
  }