{
    "resourceType": "Condition",
    "clinicalStatus": {
      "coding": [
        {
          "system": "http://terminology.hl7.org/CodeSystem/condition-clinical",
          "code": "resolved"
        }
      ]
    },
    "category": [
      {"coding": [
          {
            "system": "http://terminology.hl7.org/CodeSystem/condition-category",
            "code": "problem-list-item"
          }
        ]
      }
    ],
    "severity": {
      "coding": [
        {
          "system": "http://snomed.info/sct",
          "code": "255604002",
          "display": "Mild"
        }
      ]
    },
    "code": {
      "coding": [
        {
          "system": "http://snomed.info/sct",
          "code": "386661006",
          "display": "Fever"
        }
      ]
    },
 "subject": {
      "reference": "Patient/f201",
      "display": "Roel"
    },

    "onsetDateTime": "2013-04-02",
    "recordedDate": "2013-04-04"
   
  }